[{"items":[{"id":"m1","name":"Mac & Cheese","price":"8.99","description":"Creamy cheddar cheese mixed with perfectly cooked macaroni, topped with crispy breadcrumbs. A classic comfort food.","image":"images/mac-and-cheese.jpg","quantity":1},{"id":"m2","name":"Margherita Pizza","price":"12.99","description":"A classic pizza with fresh mozzarella, tomatoes, and basil on a thin and crispy crust.","image":"images/margherita-pizza.jpg","quantity":1},{"id":"m3","name":"Caesar Salad","price":"7.99","description":"Romaine lettuce tossed in Caesar dressing, topped with croutons and parmesan shavings.","image":"images/caesar-salad.jpg","quantity":1}],"customer":{"name":"Somyaranjan Panda","email":"test@gmail.com","street":"Islampur","postal-code":"758035","city":"barbil"},"id":"398.68384565419325"},{"items":[{"id":"m1","name":"Mac & Cheese","price":"8.99","description":"Creamy cheddar cheese mixed with perfectly cooked macaroni, topped with crispy breadcrumbs. A classic comfort food.","image":"images/mac-and-cheese.jpg","quantity":1},{"id":"m2","name":"Margherita Pizza","price":"12.99","description":"A classic pizza with fresh mozzarella, tomatoes, and basil on a thin and crispy crust.","image":"images/margherita-pizza.jpg","quantity":1},{"id":"m3","name":"Caesar Salad","price":"7.99","description":"Romaine lettuce tossed in Caesar dressing, topped with croutons and parmesan shavings.","image":"images/caesar-salad.jpg","quantity":1}],"customer":{"name":"Somyaranjan Panda","email":"test@gmail.com","street":"Islampur","postal-code":"758035","city":"barbil"},"id":"260.04347139709915"},{"items":[{"id":"m1","name":"Mac & Cheese","price":"8.99","description":"Creamy cheddar cheese mixed with perfectly cooked macaroni, topped with crispy breadcrumbs. A classic comfort food.","image":"images/mac-and-cheese.jpg","quantity":1},{"id":"m2","name":"Margherita Pizza","price":"12.99","description":"A classic pizza with fresh mozzarella, tomatoes, and basil on a thin and crispy crust.","image":"images/margherita-pizza.jpg","quantity":1},{"id":"m3","name":"Caesar Salad","price":"7.99","description":"Romaine lettuce tossed in Caesar dressing, topped with croutons and parmesan shavings.","image":"images/caesar-salad.jpg","quantity":1}],"customer":{"name":"somya","email":"test@gmail.com","street":"Islampur","postal-code":"758035","city":"barbil"},"id":"777.7254449229081"},{"items":[{"id":"m1","name":"Mac & Cheese","price":"8.99","description":"Creamy cheddar cheese mixed with perfectly cooked macaroni, topped with crispy breadcrumbs. A classic comfort food.","image":"images/mac-and-cheese.jpg","quantity":1},{"id":"m2","name":"Margherita Pizza","price":"12.99","description":"A classic pizza with fresh mozzarella, tomatoes, and basil on a thin and crispy crust.","image":"images/margherita-pizza.jpg","quantity":1},{"id":"m3","name":"Caesar Salad","price":"7.99","description":"Romaine lettuce tossed in Caesar dressing, topped with croutons and parmesan shavings.","image":"images/caesar-salad.jpg","quantity":1}],"customer":{"name":"Somyaranjan Panda","email":"test@gmail.com","street":"Islampur","postal-code":"758035","city":"barbil"},"id":"447.80611580085593"}]